item_id,item_id_hash,char_length,character_length_score,transform_version,hash
2,dbe_2,111.0,0.0082324455205811,min_max_over_166_universe_v1,280e98d48dfc19b903719873d58f25b839d3cce6d2562461e13f946f109fe9cd
3,dbe_3,185.0,0.0440677966101694,min_max_over_166_universe_v1,280e98d48dfc19b903719873d58f25b839d3cce6d2562461e13f946f109fe9cd
4,dbe_4,224.0,0.0629539951573849,min_max_over_166_universe_v1,280e98d48dfc19b903719873d58f25b839d3cce6d2562461e13f946f109fe9cd
5,dbe_5,134.0,0.0193704600484261,min_max_over_166_universe_v1,280e98d48dfc19b903719873d58f25b839d3cce6d2562461e13f946f109fe9cd
6,dbe_6,179.0,0.0411622276029055,min_max_over_166_universe_v1,280e98d48dfc19b903719873d58f25b839d3cce6d2562461e13f946f109fe9cd
7,dbe_7,191.0,0.0469733656174334,min_max_over_166_universe_v1,280e98d48dfc19b903719873d58f25b839d3cce6d2562461e13f946f109fe9cd
8,dbe_8,211.0,0.0566585956416464,min_max_over_166_universe_v1,280e98d48dfc19b903719873d58f25b839d3cce6d2562461e13f946f109fe9cd
9,dbe_9,165.0,0.0343825665859564,min_max_over_166_universe_v1,280e98d48dfc19b903719873d58f25b839d3cce6d2562461e13f946f109fe9cd
10,dbe_10,168.0,0.0358353510895883,min_max_over_166_universe_v1,280e98d48dfc19b903719873d58f25b839d3cce6d2562461e13f946f109fe9cd
11,dbe_11,226.0,0.0639225181598062,min_max_over_166_universe_v1,280e98d48dfc19b903719873d58f25b839d3cce6d2562461e13f946f109fe9cd
12,dbe_12,176.0,0.0397094430992736,min_max_over_166_universe_v1,280e98d48dfc19b903719873d58f25b839d3cce6d2562461e13f946f109fe9cd
13,dbe_13,168.0,0.0358353510895883,min_max_over_166_universe_v1,280e98d48dfc19b903719873d58f25b839d3cce6d2562461e13f946f109fe9cd
14,dbe_14,348.0,0.123002421307506,min_max_over_166_universe_v1,280e98d48dfc19b903719873d58f25b839d3cce6d2562461e13f946f109fe9cd
15,dbe_15,205.0,0.0537530266343825,min_max_over_166_universe_v1,280e98d48dfc19b903719873d58f25b839d3cce6d2562461e13f946f109fe9cd
16,dbe_16,203.0,0.0527845036319612,min_max_over_166_universe_v1,280e98d48dfc19b903719873d58f25b839d3cce6d2562461e13f946f109fe9cd
17,dbe_17,206.0,0.0542372881355932,min_max_over_166_universe_v1,280e98d48dfc19b903719873d58f25b839d3cce6d2562461e13f946f109fe9cd
18,dbe_18,132.0,0.0184019370460048,min_max_over_166_universe_v1,280e98d48dfc19b903719873d58f25b839d3cce6d2562461e13f946f109fe9cd
19,dbe_19,126.0,0.0154963680387409,min_max_over_166_universe_v1,280e98d48dfc19b903719873d58f25b839d3cce6d2562461e13f946f109fe9cd
20,dbe_20,138.0,0.0213075060532687,min_max_over_166_universe_v1,280e98d48dfc19b903719873d58f25b839d3cce6d2562461e13f946f109fe9cd
21,dbe_21,146.0,0.0251815980629539,min_max_over_166_universe_v1,280e98d48dfc19b903719873d58f25b839d3cce6d2562461e13f946f109fe9cd
22,dbe_22,129.0,0.0169491525423728,min_max_over_166_universe_v1,280e98d48dfc19b903719873d58f25b839d3cce6d2562461e13f946f109fe9cd
23,dbe_23,233.0,0.0673123486682808,min_max_over_166_universe_v1,280e98d48dfc19b903719873d58f25b839d3cce6d2562461e13f946f109fe9cd
24,dbe_24,109.0,0.0072639225181598,min_max_over_166_universe_v1,280e98d48dfc19b903719873d58f25b839d3cce6d2562461e13f946f109fe9cd
25,dbe_25,113.0,0.0092009685230024,min_max_over_166_universe_v1,280e98d48dfc19b903719873d58f25b839d3cce6d2562461e13f946f109fe9cd
26,dbe_26,119.0,0.0121065375302663,min_max_over_166_universe_v1,280e98d48dfc19b903719873d58f25b839d3cce6d2562461e13f946f109fe9cd
27,dbe_27,140.0,0.02227602905569,min_max_over_166_universe_v1,280e98d48dfc19b903719873d58f25b839d3cce6d2562461e13f946f109fe9cd
28,dbe_28,163.0,0.0334140435835351,min_max_over_166_universe_v1,280e98d48dfc19b903719873d58f25b839d3cce6d2562461e13f946f109fe9cd
29,dbe_29,179.0,0.0411622276029055,min_max_over_166_universe_v1,280e98d48dfc19b903719873d58f25b839d3cce6d2562461e13f946f109fe9cd
30,dbe_30,222.0,0.0619854721549636,min_max_over_166_universe_v1,280e98d48dfc19b903719873d58f25b839d3cce6d2562461e13f946f109fe9cd
31,dbe_31,119.0,0.0121065375302663,min_max_over_166_universe_v1,280e98d48dfc19b903719873d58f25b839d3cce6d2562461e13f946f109fe9cd
32,dbe_32,119.0,0.0121065375302663,min_max_over_166_universe_v1,280e98d48dfc19b903719873d58f25b839d3cce6d2562461e13f946f109fe9cd
33,dbe_33,130.0,0.0174334140435835,min_max_over_166_universe_v1,280e98d48dfc19b903719873d58f25b839d3cce6d2562461e13f946f109fe9cd
34,dbe_34,124.0,0.0145278450363196,min_max_over_166_universe_v1,280e98d48dfc19b903719873d58f25b839d3cce6d2562461e13f946f109fe9cd
35,dbe_35,122.0,0.0135593220338983,min_max_over_166_universe_v1,280e98d48dfc19b903719873d58f25b839d3cce6d2562461e13f946f109fe9cd
36,dbe_36,128.0,0.0164648910411622,min_max_over_166_universe_v1,280e98d48dfc19b903719873d58f25b839d3cce6d2562461e13f946f109fe9cd
37,dbe_37,124.0,0.0145278450363196,min_max_over_166_universe_v1,280e98d48dfc19b903719873d58f25b839d3cce6d2562461e13f946f109fe9cd
38,dbe_38,125.0,0.0150121065375302,min_max_over_166_universe_v1,280e98d48dfc19b903719873d58f25b839d3cce6d2562461e13f946f109fe9cd
39,dbe_39,136.0,0.0203389830508474,min_max_over_166_universe_v1,280e98d48dfc19b903719873d58f25b839d3cce6d2562461e13f946f109fe9cd
40,dbe_40,195.0,0.048910411622276,min_max_over_166_universe_v1,280e98d48dfc19b903719873d58f25b839d3cce6d2562461e13f946f109fe9cd
41,dbe_41,227.0,0.0644067796610169,min_max_over_166_universe_v1,280e98d48dfc19b903719873d58f25b839d3cce6d2562461e13f946f109fe9cd
42,dbe_42,178.0,0.0406779661016949,min_max_over_166_universe_v1,280e98d48dfc19b903719873d58f25b839d3cce6d2562461e13f946f109fe9cd
43,dbe_43,182.0,0.0426150121065375,min_max_over_166_universe_v1,280e98d48dfc19b903719873d58f25b839d3cce6d2562461e13f946f109fe9cd
44,dbe_44,419.0,0.1573849878934624,min_max_over_166_universe_v1,280e98d48dfc19b903719873d58f25b839d3cce6d2562461e13f946f109fe9cd
45,dbe_45,149.0,0.0266343825665859,min_max_over_166_universe_v1,280e98d48dfc19b903719873d58f25b839d3cce6d2562461e13f946f109fe9cd
46,dbe_46,184.0,0.0435835351089588,min_max_over_166_universe_v1,280e98d48dfc19b903719873d58f25b839d3cce6d2562461e13f946f109fe9cd
47,dbe_47,125.0,0.0150121065375302,min_max_over_166_universe_v1,280e98d48dfc19b903719873d58f25b839d3cce6d2562461e13f946f109fe9cd
48,dbe_48,169.0,0.036319612590799,min_max_over_166_universe_v1,280e98d48dfc19b903719873d58f25b839d3cce6d2562461e13f946f109fe9cd
49,dbe_49,175.0,0.0392251815980629,min_max_over_166_universe_v1,280e98d48dfc19b903719873d58f25b839d3cce6d2562461e13f946f109fe9cd
50,dbe_50,213.0,0.0576271186440678,min_max_over_166_universe_v1,280e98d48dfc19b903719873d58f25b839d3cce6d2562461e13f946f109fe9cd
51,dbe_51,134.0,0.0193704600484261,min_max_over_166_universe_v1,280e98d48dfc19b903719873d58f25b839d3cce6d2562461e13f946f109fe9cd
52,dbe_52,176.0,0.0397094430992736,min_max_over_166_universe_v1,280e98d48dfc19b903719873d58f25b839d3cce6d2562461e13f946f109fe9cd
53,dbe_53,175.0,0.0392251815980629,min_max_over_166_universe_v1,280e98d48dfc19b903719873d58f25b839d3cce6d2562461e13f946f109fe9cd
54,dbe_54,210.0,0.0561743341404358,min_max_over_166_universe_v1,280e98d48dfc19b903719873d58f25b839d3cce6d2562461e13f946f109fe9cd
55,dbe_55,96.0,0.0009685230024213,min_max_over_166_universe_v1,280e98d48dfc19b903719873d58f25b839d3cce6d2562461e13f946f109fe9cd
56,dbe_56,208.0,0.0552058111380145,min_max_over_166_universe_v1,280e98d48dfc19b903719873d58f25b839d3cce6d2562461e13f946f109fe9cd
57,dbe_57,145.0,0.0246973365617433,min_max_over_166_universe_v1,280e98d48dfc19b903719873d58f25b839d3cce6d2562461e13f946f109fe9cd
58,dbe_58,149.0,0.0266343825665859,min_max_over_166_universe_v1,280e98d48dfc19b903719873d58f25b839d3cce6d2562461e13f946f109fe9cd
59,dbe_59,124.0,0.0145278450363196,min_max_over_166_universe_v1,280e98d48dfc19b903719873d58f25b839d3cce6d2562461e13f946f109fe9cd
60,dbe_60,258.0,0.0794188861985472,min_max_over_166_universe_v1,280e98d48dfc19b903719873d58f25b839d3cce6d2562461e13f946f109fe9cd
61,dbe_61,174.0,0.0387409200968523,min_max_over_166_universe_v1,280e98d48dfc19b903719873d58f25b839d3cce6d2562461e13f946f109fe9cd
62,dbe_62,172.0,0.0377723970944309,min_max_over_166_universe_v1,280e98d48dfc19b903719873d58f25b839d3cce6d2562461e13f946f109fe9cd
63,dbe_63,230.0,0.0658595641646489,min_max_over_166_universe_v1,280e98d48dfc19b903719873d58f25b839d3cce6d2562461e13f946f109fe9cd
64,dbe_64,238.0,0.0697336561743341,min_max_over_166_universe_v1,280e98d48dfc19b903719873d58f25b839d3cce6d2562461e13f946f109fe9cd
65,dbe_65,399.0,0.1476997578692493,min_max_over_166_universe_v1,280e98d48dfc19b903719873d58f25b839d3cce6d2562461e13f946f109fe9cd
66,dbe_66,341.0,0.1196125907990314,min_max_over_166_universe_v1,280e98d48dfc19b903719873d58f25b839d3cce6d2562461e13f946f109fe9cd
67,dbe_67,498.0,0.1956416464891041,min_max_over_166_universe_v1,280e98d48dfc19b903719873d58f25b839d3cce6d2562461e13f946f109fe9cd
68,dbe_68,153.0,0.0285714285714285,min_max_over_166_universe_v1,280e98d48dfc19b903719873d58f25b839d3cce6d2562461e13f946f109fe9cd
69,dbe_69,158.0,0.0309927360774818,min_max_over_166_universe_v1,280e98d48dfc19b903719873d58f25b839d3cce6d2562461e13f946f109fe9cd
70,dbe_70,165.0,0.0343825665859564,min_max_over_166_universe_v1,280e98d48dfc19b903719873d58f25b839d3cce6d2562461e13f946f109fe9cd
71,dbe_71,149.0,0.0266343825665859,min_max_over_166_universe_v1,280e98d48dfc19b903719873d58f25b839d3cce6d2562461e13f946f109fe9cd
72,dbe_72,185.0,0.0440677966101694,min_max_over_166_universe_v1,280e98d48dfc19b903719873d58f25b839d3cce6d2562461e13f946f109fe9cd
73,dbe_73,159.0,0.0314769975786924,min_max_over_166_universe_v1,280e98d48dfc19b903719873d58f25b839d3cce6d2562461e13f946f109fe9cd
74,dbe_74,177.0,0.0401937046004842,min_max_over_166_universe_v1,280e98d48dfc19b903719873d58f25b839d3cce6d2562461e13f946f109fe9cd
75,dbe_75,190.0,0.0464891041162227,min_max_over_166_universe_v1,280e98d48dfc19b903719873d58f25b839d3cce6d2562461e13f946f109fe9cd
76,dbe_76,227.0,0.0644067796610169,min_max_over_166_universe_v1,280e98d48dfc19b903719873d58f25b839d3cce6d2562461e13f946f109fe9cd
77,dbe_77,214.0,0.0581113801452784,min_max_over_166_universe_v1,280e98d48dfc19b903719873d58f25b839d3cce6d2562461e13f946f109fe9cd
78,dbe_78,149.0,0.0266343825665859,min_max_over_166_universe_v1,280e98d48dfc19b903719873d58f25b839d3cce6d2562461e13f946f109fe9cd
79,dbe_79,193.0,0.0479418886198547,min_max_over_166_universe_v1,280e98d48dfc19b903719873d58f25b839d3cce6d2562461e13f946f109fe9cd
80,dbe_80,161.0,0.0324455205811138,min_max_over_166_universe_v1,280e98d48dfc19b903719873d58f25b839d3cce6d2562461e13f946f109fe9cd
81,dbe_81,191.0,0.0469733656174334,min_max_over_166_universe_v1,280e98d48dfc19b903719873d58f25b839d3cce6d2562461e13f946f109fe9cd
82,dbe_82,201.0,0.0518159806295399,min_max_over_166_universe_v1,280e98d48dfc19b903719873d58f25b839d3cce6d2562461e13f946f109fe9cd
83,dbe_83,209.0,0.0556900726392251,min_max_over_166_universe_v1,280e98d48dfc19b903719873d58f25b839d3cce6d2562461e13f946f109fe9cd
84,dbe_84,209.0,0.0556900726392251,min_max_over_166_universe_v1,280e98d48dfc19b903719873d58f25b839d3cce6d2562461e13f946f109fe9cd
85,dbe_85,238.0,0.0697336561743341,min_max_over_166_universe_v1,280e98d48dfc19b903719873d58f25b839d3cce6d2562461e13f946f109fe9cd
86,dbe_86,229.0,0.0653753026634382,min_max_over_166_universe_v1,280e98d48dfc19b903719873d58f25b839d3cce6d2562461e13f946f109fe9cd
87,dbe_87,541.0,0.2164648910411622,min_max_over_166_universe_v1,280e98d48dfc19b903719873d58f25b839d3cce6d2562461e13f946f109fe9cd
93,dbe_93,1812.0,0.8319612590799031,min_max_over_166_universe_v1,280e98d48dfc19b903719873d58f25b839d3cce6d2562461e13f946f109fe9cd
94,dbe_94,1861.0,0.8556900726392251,min_max_over_166_universe_v1,280e98d48dfc19b903719873d58f25b839d3cce6d2562461e13f946f109fe9cd
95,dbe_95,1805.0,0.8285714285714286,min_max_over_166_universe_v1,280e98d48dfc19b903719873d58f25b839d3cce6d2562461e13f946f109fe9cd
96,dbe_96,1800.0,0.8261501210653753,min_max_over_166_universe_v1,280e98d48dfc19b903719873d58f25b839d3cce6d2562461e13f946f109fe9cd
97,dbe_97,1824.0,0.837772397094431,min_max_over_166_universe_v1,280e98d48dfc19b903719873d58f25b839d3cce6d2562461e13f946f109fe9cd
98,dbe_98,1847.0,0.848910411622276,min_max_over_166_universe_v1,280e98d48dfc19b903719873d58f25b839d3cce6d2562461e13f946f109fe9cd
99,dbe_99,1900.0,0.8745762711864407,min_max_over_166_universe_v1,280e98d48dfc19b903719873d58f25b839d3cce6d2562461e13f946f109fe9cd
100,dbe_100,1791.0,0.8217917675544795,min_max_over_166_universe_v1,280e98d48dfc19b903719873d58f25b839d3cce6d2562461e13f946f109fe9cd
101,dbe_101,1871.0,0.8605326876513317,min_max_over_166_universe_v1,280e98d48dfc19b903719873d58f25b839d3cce6d2562461e13f946f109fe9cd
102,dbe_102,1878.0,0.8639225181598063,min_max_over_166_universe_v1,280e98d48dfc19b903719873d58f25b839d3cce6d2562461e13f946f109fe9cd
103,dbe_103,1792.0,0.8222760290556901,min_max_over_166_universe_v1,280e98d48dfc19b903719873d58f25b839d3cce6d2562461e13f946f109fe9cd
104,dbe_104,1867.0,0.858595641646489,min_max_over_166_universe_v1,280e98d48dfc19b903719873d58f25b839d3cce6d2562461e13f946f109fe9cd
105,dbe_105,1873.0,0.8615012106537531,min_max_over_166_universe_v1,280e98d48dfc19b903719873d58f25b839d3cce6d2562461e13f946f109fe9cd
106,dbe_106,2159.0,1.0,min_max_over_166_universe_v1,280e98d48dfc19b903719873d58f25b839d3cce6d2562461e13f946f109fe9cd
107,dbe_107,1815.0,0.8334140435835351,min_max_over_166_universe_v1,280e98d48dfc19b903719873d58f25b839d3cce6d2562461e13f946f109fe9cd
108,dbe_108,2113.0,0.97772397094431,min_max_over_166_universe_v1,280e98d48dfc19b903719873d58f25b839d3cce6d2562461e13f946f109fe9cd
109,dbe_109,94.0,0.0,min_max_over_166_universe_v1,280e98d48dfc19b903719873d58f25b839d3cce6d2562461e13f946f109fe9cd
110,dbe_110,105.0,0.0053268765133171,min_max_over_166_universe_v1,280e98d48dfc19b903719873d58f25b839d3cce6d2562461e13f946f109fe9cd
111,dbe_111,133.0,0.0188861985472154,min_max_over_166_universe_v1,280e98d48dfc19b903719873d58f25b839d3cce6d2562461e13f946f109fe9cd
112,dbe_112,127.0,0.0159806295399515,min_max_over_166_universe_v1,280e98d48dfc19b903719873d58f25b839d3cce6d2562461e13f946f109fe9cd
113,dbe_113,105.0,0.0053268765133171,min_max_over_166_universe_v1,280e98d48dfc19b903719873d58f25b839d3cce6d2562461e13f946f109fe9cd
114,dbe_114,133.0,0.0188861985472154,min_max_over_166_universe_v1,280e98d48dfc19b903719873d58f25b839d3cce6d2562461e13f946f109fe9cd
115,dbe_115,128.0,0.0164648910411622,min_max_over_166_universe_v1,280e98d48dfc19b903719873d58f25b839d3cce6d2562461e13f946f109fe9cd
116,dbe_116,152.0,0.0280871670702179,min_max_over_166_universe_v1,280e98d48dfc19b903719873d58f25b839d3cce6d2562461e13f946f109fe9cd
117,dbe_117,135.0,0.0198547215496368,min_max_over_166_universe_v1,280e98d48dfc19b903719873d58f25b839d3cce6d2562461e13f946f109fe9cd
118,dbe_118,135.0,0.0198547215496368,min_max_over_166_universe_v1,280e98d48dfc19b903719873d58f25b839d3cce6d2562461e13f946f109fe9cd
119,dbe_119,153.0,0.0285714285714285,min_max_over_166_universe_v1,280e98d48dfc19b903719873d58f25b839d3cce6d2562461e13f946f109fe9cd
120,dbe_120,153.0,0.0285714285714285,min_max_over_166_universe_v1,280e98d48dfc19b903719873d58f25b839d3cce6d2562461e13f946f109fe9cd
121,dbe_121,156.0,0.0300242130750605,min_max_over_166_universe_v1,280e98d48dfc19b903719873d58f25b839d3cce6d2562461e13f946f109fe9cd
122,dbe_122,156.0,0.0300242130750605,min_max_over_166_universe_v1,280e98d48dfc19b903719873d58f25b839d3cce6d2562461e13f946f109fe9cd
123,dbe_123,122.0,0.0135593220338983,min_max_over_166_universe_v1,280e98d48dfc19b903719873d58f25b839d3cce6d2562461e13f946f109fe9cd
124,dbe_124,123.0,0.0140435835351089,min_max_over_166_universe_v1,280e98d48dfc19b903719873d58f25b839d3cce6d2562461e13f946f109fe9cd
125,dbe_125,129.0,0.0169491525423728,min_max_over_166_universe_v1,280e98d48dfc19b903719873d58f25b839d3cce6d2562461e13f946f109fe9cd
126,dbe_126,133.0,0.0188861985472154,min_max_over_166_universe_v1,280e98d48dfc19b903719873d58f25b839d3cce6d2562461e13f946f109fe9cd
127,dbe_127,148.0,0.0261501210653753,min_max_over_166_universe_v1,280e98d48dfc19b903719873d58f25b839d3cce6d2562461e13f946f109fe9cd
128,dbe_128,149.0,0.0266343825665859,min_max_over_166_universe_v1,280e98d48dfc19b903719873d58f25b839d3cce6d2562461e13f946f109fe9cd
129,dbe_129,134.0,0.0193704600484261,min_max_over_166_universe_v1,280e98d48dfc19b903719873d58f25b839d3cce6d2562461e13f946f109fe9cd
130,dbe_130,450.0,0.1723970944309927,min_max_over_166_universe_v1,280e98d48dfc19b903719873d58f25b839d3cce6d2562461e13f946f109fe9cd
131,dbe_131,455.0,0.174818401937046,min_max_over_166_universe_v1,280e98d48dfc19b903719873d58f25b839d3cce6d2562461e13f946f109fe9cd
132,dbe_132,455.0,0.174818401937046,min_max_over_166_universe_v1,280e98d48dfc19b903719873d58f25b839d3cce6d2562461e13f946f109fe9cd
133,dbe_133,475.0,0.184503631961259,min_max_over_166_universe_v1,280e98d48dfc19b903719873d58f25b839d3cce6d2562461e13f946f109fe9cd
134,dbe_134,231.0,0.0663438256658595,min_max_over_166_universe_v1,280e98d48dfc19b903719873d58f25b839d3cce6d2562461e13f946f109fe9cd
135,dbe_135,232.0,0.0668280871670702,min_max_over_166_universe_v1,280e98d48dfc19b903719873d58f25b839d3cce6d2562461e13f946f109fe9cd
136,dbe_136,230.0,0.0658595641646489,min_max_over_166_universe_v1,280e98d48dfc19b903719873d58f25b839d3cce6d2562461e13f946f109fe9cd
137,dbe_137,235.0,0.0682808716707021,min_max_over_166_universe_v1,280e98d48dfc19b903719873d58f25b839d3cce6d2562461e13f946f109fe9cd
138,dbe_138,234.0,0.0677966101694915,min_max_over_166_universe_v1,280e98d48dfc19b903719873d58f25b839d3cce6d2562461e13f946f109fe9cd
139,dbe_139,224.0,0.0629539951573849,min_max_over_166_universe_v1,280e98d48dfc19b903719873d58f25b839d3cce6d2562461e13f946f109fe9cd
140,dbe_140,221.0,0.061501210653753,min_max_over_166_universe_v1,280e98d48dfc19b903719873d58f25b839d3cce6d2562461e13f946f109fe9cd
141,dbe_141,231.0,0.0663438256658595,min_max_over_166_universe_v1,280e98d48dfc19b903719873d58f25b839d3cce6d2562461e13f946f109fe9cd
142,dbe_142,337.0,0.1176755447941888,min_max_over_166_universe_v1,280e98d48dfc19b903719873d58f25b839d3cce6d2562461e13f946f109fe9cd
143,dbe_143,405.0,0.1506053268765133,min_max_over_166_universe_v1,280e98d48dfc19b903719873d58f25b839d3cce6d2562461e13f946f109fe9cd
179,dbe_179,194.0,0.0484261501210653,min_max_over_166_universe_v1,280e98d48dfc19b903719873d58f25b839d3cce6d2562461e13f946f109fe9cd
180,dbe_180,166.0,0.034866828087167,min_max_over_166_universe_v1,280e98d48dfc19b903719873d58f25b839d3cce6d2562461e13f946f109fe9cd
181,dbe_181,293.0,0.09636803874092,min_max_over_166_universe_v1,280e98d48dfc19b903719873d58f25b839d3cce6d2562461e13f946f109fe9cd
182,dbe_182,367.0,0.1322033898305084,min_max_over_166_universe_v1,280e98d48dfc19b903719873d58f25b839d3cce6d2562461e13f946f109fe9cd
183,dbe_183,473.0,0.1835351089588377,min_max_over_166_universe_v1,280e98d48dfc19b903719873d58f25b839d3cce6d2562461e13f946f109fe9cd
184,dbe_184,276.0,0.0881355932203389,min_max_over_166_universe_v1,280e98d48dfc19b903719873d58f25b839d3cce6d2562461e13f946f109fe9cd
185,dbe_185,492.0,0.1927360774818401,min_max_over_166_universe_v1,280e98d48dfc19b903719873d58f25b839d3cce6d2562461e13f946f109fe9cd
186,dbe_186,417.0,0.1564164648910411,min_max_over_166_universe_v1,280e98d48dfc19b903719873d58f25b839d3cce6d2562461e13f946f109fe9cd
187,dbe_187,453.0,0.1738498789346247,min_max_over_166_universe_v1,280e98d48dfc19b903719873d58f25b839d3cce6d2562461e13f946f109fe9cd
188,dbe_188,229.0,0.0653753026634382,min_max_over_166_universe_v1,280e98d48dfc19b903719873d58f25b839d3cce6d2562461e13f946f109fe9cd
189,dbe_189,384.0,0.1404358353510895,min_max_over_166_universe_v1,280e98d48dfc19b903719873d58f25b839d3cce6d2562461e13f946f109fe9cd
190,dbe_190,627.0,0.2581113801452784,min_max_over_166_universe_v1,280e98d48dfc19b903719873d58f25b839d3cce6d2562461e13f946f109fe9cd
191,dbe_191,276.0,0.0881355932203389,min_max_over_166_universe_v1,280e98d48dfc19b903719873d58f25b839d3cce6d2562461e13f946f109fe9cd
192,dbe_192,633.0,0.2610169491525423,min_max_over_166_universe_v1,280e98d48dfc19b903719873d58f25b839d3cce6d2562461e13f946f109fe9cd
193,dbe_193,623.0,0.2561743341404358,min_max_over_166_universe_v1,280e98d48dfc19b903719873d58f25b839d3cce6d2562461e13f946f109fe9cd
194,dbe_194,308.0,0.1036319612590799,min_max_over_166_universe_v1,280e98d48dfc19b903719873d58f25b839d3cce6d2562461e13f946f109fe9cd
195,dbe_195,216.0,0.0590799031476997,min_max_over_166_universe_v1,280e98d48dfc19b903719873d58f25b839d3cce6d2562461e13f946f109fe9cd
196,dbe_196,371.0,0.1341404358353511,min_max_over_166_universe_v1,280e98d48dfc19b903719873d58f25b839d3cce6d2562461e13f946f109fe9cd
197,dbe_197,306.0,0.1026634382566585,min_max_over_166_universe_v1,280e98d48dfc19b903719873d58f25b839d3cce6d2562461e13f946f109fe9cd
198,dbe_198,441.0,0.1680387409200968,min_max_over_166_universe_v1,280e98d48dfc19b903719873d58f25b839d3cce6d2562461e13f946f109fe9cd
199,dbe_199,197.0,0.0498789346246973,min_max_over_166_universe_v1,280e98d48dfc19b903719873d58f25b839d3cce6d2562461e13f946f109fe9cd
201,dbe_201,207.0,0.0547215496368038,min_max_over_166_universe_v1,280e98d48dfc19b903719873d58f25b839d3cce6d2562461e13f946f109fe9cd
202,dbe_202,150.0,0.0271186440677966,min_max_over_166_universe_v1,280e98d48dfc19b903719873d58f25b839d3cce6d2562461e13f946f109fe9cd
203,dbe_203,157.0,0.0305084745762711,min_max_over_166_universe_v1,280e98d48dfc19b903719873d58f25b839d3cce6d2562461e13f946f109fe9cd
204,dbe_204,370.0,0.1336561743341404,min_max_over_166_universe_v1,280e98d48dfc19b903719873d58f25b839d3cce6d2562461e13f946f109fe9cd
205,dbe_205,256.0,0.0784503631961259,min_max_over_166_universe_v1,280e98d48dfc19b903719873d58f25b839d3cce6d2562461e13f946f109fe9cd
206,dbe_206,189.0,0.0460048426150121,min_max_over_166_universe_v1,280e98d48dfc19b903719873d58f25b839d3cce6d2562461e13f946f109fe9cd
207,dbe_207,203.0,0.0527845036319612,min_max_over_166_universe_v1,280e98d48dfc19b903719873d58f25b839d3cce6d2562461e13f946f109fe9cd
214,dbe_214,397.0,0.1467312348668281,min_max_over_166_universe_v1,280e98d48dfc19b903719873d58f25b839d3cce6d2562461e13f946f109fe9cd
