item_id_hash,response_count,student_count,item_content_present,item_content_type,item_content_intelligible,mathematical_problem_present,answer_information_present,correctness_join_valid,sequence_join_valid,skill_mapping_present,eligible_for_llm_scoring,eligible_for_kt,decision,audit_note,content_preview_hash
73f5a45a98954cf5,106815,73968,False,display_title_only,False,False,True,True,True,True,False,True,FAIL,Only exercise slug + Chinese display title + topic metadata; no machine-readable problem stem in junyi_Exercise_table.csv,6825f71d3b40fb83
aef3949f195cd15f,866,729,False,display_title_only,False,False,True,True,True,True,False,True,FAIL,Only exercise slug + Chinese display title + topic metadata; no machine-readable problem stem in junyi_Exercise_table.csv,cb3b5792dd8532df
a6c6a89e7c352d44,46847,35020,False,display_title_only,False,True,True,True,True,True,False,True,FAIL,Only exercise slug + Chinese display title + topic metadata; no machine-readable problem stem in junyi_Exercise_table.csv,db6911d4408cd3f9
9b5425c6f95cd36a,1412,1253,False,display_title_only,False,True,True,True,True,True,False,True,FAIL,Only exercise slug + Chinese display title + topic metadata; no machine-readable problem stem in junyi_Exercise_table.csv,ec36c3dd33213e34
735241b2fe3fc048,7224,5460,False,display_title_only,False,False,True,True,True,True,False,True,FAIL,Only exercise slug + Chinese display title + topic metadata; no machine-readable problem stem in junyi_Exercise_table.csv,ca784adc391f7668
d10b367e09d3022d,11911,9141,False,display_title_only,False,False,True,True,True,True,False,True,FAIL,Only exercise slug + Chinese display title + topic metadata; no machine-readable problem stem in junyi_Exercise_table.csv,a1067fff6d91ccfb
09f557a8747c01cf,1020,647,False,display_title_only,False,False,True,True,True,True,False,True,FAIL,Only exercise slug + Chinese display title + topic metadata; no machine-readable problem stem in junyi_Exercise_table.csv,5e0b5f222211fd66
93f281d9b5ec4422,2054,1811,False,display_title_only,False,False,True,True,True,True,False,True,FAIL,Only exercise slug + Chinese display title + topic metadata; no machine-readable problem stem in junyi_Exercise_table.csv,d5548de50e7538b5
3caefe3c8401bed7,4525,3610,False,display_title_only,False,True,True,True,True,True,False,True,FAIL,Only exercise slug + Chinese display title + topic metadata; no machine-readable problem stem in junyi_Exercise_table.csv,848da3cbb79cc8eb
2fbe96c0e193c33a,28256,22066,False,display_title_only,False,False,True,True,True,True,False,True,FAIL,Only exercise slug + Chinese display title + topic metadata; no machine-readable problem stem in junyi_Exercise_table.csv,d8f4e0bf85ef550e
b3c1f534716d90c1,1458,952,False,display_title_only,False,True,True,True,True,True,False,True,FAIL,Only exercise slug + Chinese display title + topic metadata; no machine-readable problem stem in junyi_Exercise_table.csv,6f72c0a046efb125
c9701f3455a5e7cb,30103,24782,False,display_title_only,False,False,True,True,True,True,False,True,FAIL,Only exercise slug + Chinese display title + topic metadata; no machine-readable problem stem in junyi_Exercise_table.csv,05a5db2fcafde346
eb11a88fd887ee0b,1360,1159,False,display_title_only,False,True,True,True,True,True,False,True,FAIL,Only exercise slug + Chinese display title + topic metadata; no machine-readable problem stem in junyi_Exercise_table.csv,2c5354113569416f
4891f1535af93d68,14985,12233,False,display_title_only,False,True,True,True,True,True,False,True,FAIL,Only exercise slug + Chinese display title + topic metadata; no machine-readable problem stem in junyi_Exercise_table.csv,9d4ab9f4b35a7d34
d693610c72acdd96,2115,1693,False,display_title_only,False,True,True,True,True,True,False,True,FAIL,Only exercise slug + Chinese display title + topic metadata; no machine-readable problem stem in junyi_Exercise_table.csv,52b06f7a6d573a6f
22e37a728593d4d1,7261,5318,False,display_title_only,False,True,True,True,True,True,False,True,FAIL,Only exercise slug + Chinese display title + topic metadata; no machine-readable problem stem in junyi_Exercise_table.csv,3966cf1d76cbab48
b3dc49e64cd77e9e,5380,4418,False,display_title_only,False,False,True,True,True,True,False,True,FAIL,Only exercise slug + Chinese display title + topic metadata; no machine-readable problem stem in junyi_Exercise_table.csv,a537ef26011e4af4
681a56eddb7e4302,208,188,False,display_title_only,False,True,True,True,True,True,False,True,FAIL,Only exercise slug + Chinese display title + topic metadata; no machine-readable problem stem in junyi_Exercise_table.csv,0df89a84c05d1b60
1705e4ae3da8f416,8,8,False,display_title_only,False,True,True,True,True,True,False,True,FAIL,Only exercise slug + Chinese display title + topic metadata; no machine-readable problem stem in junyi_Exercise_table.csv,6fe1b15176c899b5
075ee9136a4fa061,14154,11768,False,display_title_only,False,True,True,True,True,True,False,True,FAIL,Only exercise slug + Chinese display title + topic metadata; no machine-readable problem stem in junyi_Exercise_table.csv,29476d3657656b88
fcd54e4c34a41723,432737,307000,False,display_title_only,False,True,True,True,True,True,False,True,FAIL,Only exercise slug + Chinese display title + topic metadata; no machine-readable problem stem in junyi_Exercise_table.csv,990f4fcf1f6d8585
ce32d1ef36a7d148,148970,120242,False,display_title_only,False,True,True,True,True,True,False,True,FAIL,Only exercise slug + Chinese display title + topic metadata; no machine-readable problem stem in junyi_Exercise_table.csv,2792f4db36855744
972d188d441f8665,38940,31762,False,display_title_only,False,False,True,True,True,True,False,True,FAIL,Only exercise slug + Chinese display title + topic metadata; no machine-readable problem stem in junyi_Exercise_table.csv,2f8a1e3a0b9abcd1
68d3c01d7e54cdc7,34987,24756,False,display_title_only,False,False,True,True,True,True,False,True,FAIL,Only exercise slug + Chinese display title + topic metadata; no machine-readable problem stem in junyi_Exercise_table.csv,f7125a7984d4978e
7ea39f6b7da0279e,30387,19856,False,display_title_only,False,False,True,True,True,True,False,True,FAIL,Only exercise slug + Chinese display title + topic metadata; no machine-readable problem stem in junyi_Exercise_table.csv,bdca877ea8a3cb84
aa4e08ba9c4b292e,297,166,False,display_title_only,False,True,True,True,True,True,False,True,FAIL,Only exercise slug + Chinese display title + topic metadata; no machine-readable problem stem in junyi_Exercise_table.csv,d22b272f3e3d5548
ed834dd265ceeff8,2787,2234,False,display_title_only,False,True,True,True,True,True,False,True,FAIL,Only exercise slug + Chinese display title + topic metadata; no machine-readable problem stem in junyi_Exercise_table.csv,8ebc606d1bd1c50e
617ff0661a32bb2d,2300,1968,False,display_title_only,False,False,True,True,True,True,False,True,FAIL,Only exercise slug + Chinese display title + topic metadata; no machine-readable problem stem in junyi_Exercise_table.csv,6b43696a608aa967
89e81b94d6b73a58,2518,2201,False,display_title_only,False,True,True,True,True,True,False,True,FAIL,Only exercise slug + Chinese display title + topic metadata; no machine-readable problem stem in junyi_Exercise_table.csv,4aa22560dbc0f76c
5dacd7409a64e994,4656,3966,False,display_title_only,False,False,True,True,True,True,False,True,FAIL,Only exercise slug + Chinese display title + topic metadata; no machine-readable problem stem in junyi_Exercise_table.csv,de426e065036f593
a5907712c779302e,13364,8959,False,display_title_only,False,True,True,True,True,True,False,True,FAIL,Only exercise slug + Chinese display title + topic metadata; no machine-readable problem stem in junyi_Exercise_table.csv,8b0c922c1512c165
10a1551b8f9edbd1,1372,1224,False,display_title_only,False,True,True,True,True,True,False,True,FAIL,Only exercise slug + Chinese display title + topic metadata; no machine-readable problem stem in junyi_Exercise_table.csv,a4cbfbc3220c2067
7c7d154c176abf84,1006,885,False,display_title_only,False,True,True,True,True,True,False,True,FAIL,Only exercise slug + Chinese display title + topic metadata; no machine-readable problem stem in junyi_Exercise_table.csv,7374de93fee16cfb
435fa5b7c650b142,2305,1731,False,display_title_only,False,False,True,True,True,True,False,True,FAIL,Only exercise slug + Chinese display title + topic metadata; no machine-readable problem stem in junyi_Exercise_table.csv,e877a911df2c8013
1adb808818b9ca69,41980,33832,False,display_title_only,False,True,True,True,True,True,False,True,FAIL,Only exercise slug + Chinese display title + topic metadata; no machine-readable problem stem in junyi_Exercise_table.csv,cec6032fc659956c
72ca09499792a79a,4049,3122,False,display_title_only,False,True,True,True,True,True,False,True,FAIL,Only exercise slug + Chinese display title + topic metadata; no machine-readable problem stem in junyi_Exercise_table.csv,78ad8aa42377a17b
cf3bd1093c09528e,22236,18345,False,display_title_only,False,True,True,True,True,True,False,True,FAIL,Only exercise slug + Chinese display title + topic metadata; no machine-readable problem stem in junyi_Exercise_table.csv,593ad5b260a94dee
8df5cc5e7fb8d494,2251,1978,False,display_title_only,False,False,True,True,True,True,False,True,FAIL,Only exercise slug + Chinese display title + topic metadata; no machine-readable problem stem in junyi_Exercise_table.csv,6662bad6e0e9e84a
f34749d56b5f04ca,18793,14467,False,display_title_only,False,True,True,True,True,True,False,True,FAIL,Only exercise slug + Chinese display title + topic metadata; no machine-readable problem stem in junyi_Exercise_table.csv,e8d5b76108e0a6ed
0449351b9323f45f,3452,2758,False,display_title_only,False,True,True,True,True,True,False,True,FAIL,Only exercise slug + Chinese display title + topic metadata; no machine-readable problem stem in junyi_Exercise_table.csv,b1f2a80dea7c60e6
deaca64769506389,351,292,False,display_title_only,False,False,True,True,True,True,False,True,FAIL,Only exercise slug + Chinese display title + topic metadata; no machine-readable problem stem in junyi_Exercise_table.csv,10d2f1fdb7cf5c37
2f204142e2550d77,27527,20272,False,display_title_only,False,False,True,True,True,True,False,True,FAIL,Only exercise slug + Chinese display title + topic metadata; no machine-readable problem stem in junyi_Exercise_table.csv,e968a105c0feda83
23ffe8f4e2cb5a04,7837,6882,False,display_title_only,False,True,True,True,True,True,False,True,FAIL,Only exercise slug + Chinese display title + topic metadata; no machine-readable problem stem in junyi_Exercise_table.csv,90c44956f74c0114
8eac25544b7abe25,2701,1516,False,display_title_only,False,False,True,True,True,True,False,True,FAIL,Only exercise slug + Chinese display title + topic metadata; no machine-readable problem stem in junyi_Exercise_table.csv,c45eec4b1e35b38b
bdc4541c5194b8d4,13670,11590,False,display_title_only,False,False,True,True,True,True,False,True,FAIL,Only exercise slug + Chinese display title + topic metadata; no machine-readable problem stem in junyi_Exercise_table.csv,17bf61e35f74774d
a07f1cf197457e55,11960,6655,False,display_title_only,False,False,True,True,True,True,False,True,FAIL,Only exercise slug + Chinese display title + topic metadata; no machine-readable problem stem in junyi_Exercise_table.csv,d8a292d3f3d2aedd
d0cfb8d96cc69285,17366,10454,False,display_title_only,False,False,True,True,True,True,False,True,FAIL,Only exercise slug + Chinese display title + topic metadata; no machine-readable problem stem in junyi_Exercise_table.csv,7cdbce63c7de3474
0710e0b048d3a78c,4410,3589,False,display_title_only,False,False,True,True,True,True,False,True,FAIL,Only exercise slug + Chinese display title + topic metadata; no machine-readable problem stem in junyi_Exercise_table.csv,05341f2db9ac10ee
a9a7a797be341fe9,62628,48326,False,display_title_only,False,True,True,True,True,True,False,True,FAIL,Only exercise slug + Chinese display title + topic metadata; no machine-readable problem stem in junyi_Exercise_table.csv,8efd9ebe590e7b12
00bc2f3e55f9d0fa,4349,3472,False,display_title_only,False,False,True,True,True,True,False,True,FAIL,Only exercise slug + Chinese display title + topic metadata; no machine-readable problem stem in junyi_Exercise_table.csv,b98a33564388fdf5
16e3d29feee30aba,8971,6481,False,display_title_only,False,False,True,True,True,True,False,True,FAIL,Only exercise slug + Chinese display title + topic metadata; no machine-readable problem stem in junyi_Exercise_table.csv,3137787449afa42d
2eb257e1661b2572,742,594,False,display_title_only,False,False,True,True,True,True,False,True,FAIL,Only exercise slug + Chinese display title + topic metadata; no machine-readable problem stem in junyi_Exercise_table.csv,848b47d8826f8db0
9838a86e8c1d93ae,29933,25531,False,display_title_only,False,True,True,True,True,True,False,True,FAIL,Only exercise slug + Chinese display title + topic metadata; no machine-readable problem stem in junyi_Exercise_table.csv,5396303924b3c8de
d89022b2568708e5,931,668,False,display_title_only,False,False,True,True,True,True,False,True,FAIL,Only exercise slug + Chinese display title + topic metadata; no machine-readable problem stem in junyi_Exercise_table.csv,a78a6586a9afa005
df21a4568a57c965,701,472,False,display_title_only,False,True,True,True,True,True,False,True,FAIL,Only exercise slug + Chinese display title + topic metadata; no machine-readable problem stem in junyi_Exercise_table.csv,9bc12cd77e9f2374
b5d2874925ebc3fa,8,8,False,display_title_only,False,True,True,True,True,True,False,True,FAIL,Only exercise slug + Chinese display title + topic metadata; no machine-readable problem stem in junyi_Exercise_table.csv,672cd31469ef17e1
