dataset,item_id_hash,source_content_hash,limitation_categories,content_limited
junyi,a46a1cdf053f41b1fc503b4657ae35113b2b1dfb5e5382518d5883cd2b217a9d,32355109ceda2f4a2a9f5428e1f48079732f16caab0bca9f40987e50c332cced,question_div,True
junyi,cd8dc3bbcf732c0b8c3803e0ccca1d480bfdcc6400e9cf810205169aaf4e98fd,0a196ff0b92cfea8df613770d600d7d2edf3280e698fdfb75892fbde775fcbcb,question_div,True
junyi,c25147028af76429aab634f1a084e9d8e68510ba3f1acb265cc43d688d82ed5f,c70f086a46546ec04c0909b1c57c973971aa72b1c524c31a0b34a6b170587b4b,question_div|image_or_graphie_dependency,True
junyi,d72a141aefb71538dce8cb714f452d28cb6d5d491d663efc0c33e9f93618ff57,94fe7bbaa91a4e85383a85dca0709a9c6762c6c2e5511f3110e220884cc88c29,question_div|image_or_graphie_dependency,True
junyi,52b42c4ecb9d7ab54832c9fa84dfaced3e68fb53508d76b4577cd3d7237e8ca2,61bf3eb6c5674964fc7c5c6df016346f00b5a53af86fd48d0eff77de7e0232e2,title_fallback|insufficient_stem_text,True
junyi,15716b8094ad8b009bf08d4b8cd74b372e97e7cca9aba30c8f14f69bd377ba22,069a6343dfedaee2cbc190c96dacad50411fd5acaf780d5b8aed38741136a1af,title_fallback,True
junyi,6442bff6b6f311c83d191d11218250b4f713ee8eb38d86eabb8ebf5c13fd4002,58aef85f4e6b7eed8e3eb0f0e99cda7410ec3951ccb8cd36b1df593fa042e940,title_fallback|image_or_graphie_dependency,True
junyi,552a64554d95a726e00e2db6308cfd962aa9b729d4a9cffe7bf1df316c8534fe,d2aca8fc44a866bb980032fe41adfcb198b5c1ca3296af00ff412cae0d6c78a9,question_div,True
junyi,0ebe0b1b0a6325aed5b2183a08eb21d3b35c06fcfa31bacab579550fd0190c0d,8d4aec6a8df7b5139e836c71de625cc39fc458f3f4e758e87f6e5b24b40d030d,question_div,True
junyi,e95e926e88ca3c56ba02e1e6d0aa56d22e30dd9e2555e40b3983fc0cb3b08b76,aeaff3c52f5abdb35c4bc2b5ce5ad76b50b488d11876d90b7eb157a845bf9cb5,question_div|image_or_graphie_dependency,True
junyi,1fd4e579c5de352f5f218a063b8a9c38cd193c6b07f04d74bb4e703dad6cbfd5,eb45b59b4647058966cff57cc76147f2e90cfa8ae46cad8a1a0a9f23eaf726c2,question_div|image_or_graphie_dependency,True
junyi,6f49bb12c7fa23ae5beac88aa0b3503cd248262b58a4868dde2b0a6de55b6943,ec512378773ac7ec8277b4de3f2c634305a02a19fd21bdce249497f3632293df,question_div,True
junyi,20f71d1a1b8b7f0179e3ad0365be54804efd10afe1f8af99e03b40f3385c2250,7380c9216620c770c55d7b650dd3bcb629315f8c504311761f3cb2a0d7a649d1,question_div,True
junyi,9c33fca9fa4568153cf3a0d45bbe462e1bc8a0b15077f2b103d28c6442fa5f39,3041fbc513cf0553a454bb83ace82dd0cc318bdf2469a41864d25603b2d3ac3d,question_div|image_or_graphie_dependency,True
junyi,bc2187b250186e117b62b6d36d4575b8a873c9682f1111563addbf4fce16b46e,1a0961aed1a90ac053fe22f7b6e916273017e5e3e93806cf1c6a6e65802ea12c,question_div|image_or_graphie_dependency,True
junyi,719b3341715022757605a4c8f9f6fbcbec48061c32ee797ba01e25216fe55a40,4381488d64e03c6b212caa6f218a7379d6c79d053ce667e724a896a8b682a845,question_div,True
junyi,a3645adc81bb90a7f91a88838dca75d8211ac009fa9177c5f81336706a95ba25,cd3cdcc85aa68f2a9e7a7dc88ef9d0795a0a7467fdbe78e1d85d9ef78d468924,question_div,True
junyi,490d4d881b998c278854d32c8b9c7260ce085e5906aac04642d18a0d41a7ffb1,53a19d28c7a82ad0ed72b3a419734bdd4755a311a489a39d7782c30a328ac166,question_div|image_or_graphie_dependency,True
junyi,9e365547f00f64fc23cd84b6aa679c2945785278e11b572ec8d2e4220d728773,12e4f58a5d2b1388b4ac1abe5cc865565397b3ea54e9400e89703b1f9cce0d14,question_div|image_or_graphie_dependency,True
junyi,cc4a49736ff010ede073ab2fd0361785933742166fe786f3d7b48aea1f515015,a877d5d464973eb9dc45139e3b00f759dbf6b6b29a2310314fad148d9a2ab303,question_div,True
junyi,ee1d52c8ef2315c4a690da057f61a9e37d544d253ca61788c0f356fbae546a10,4c91af6e7bd76d65281317fba07069a6bbb1285b13f832b992fd7a5f760605e5,question_div,True
junyi,fcbc821860c9f2f451df10c34982d5c1383a9c87b686a807cbf71c4003db8f8c,b469e8123b74f6b2491f4234d9fb9f3e7bc36fa3d81e44e1ae06e9582def51b2,question_div|image_or_graphie_dependency,True
junyi,d41008ecdc58aa2f761c4e842617764c0ebb5dbb7d90fa071b6a0b95902170d7,dcf6d15a545b09f008ff250d2f1acb3152421ed6ecd0d3b7758ce1c46d1950a7,question_div|image_or_graphie_dependency,True
junyi,f3a2d871f50a1d7f94af0c1261351a18bf39a1869fbc898d0373a2cc50fd2578,0b50ef63acfb0c88437aca0ebcf26f890452a92aaf73cafe2458eb81d9cd45ae,title_fallback,True
junyi,68097cf2ee57a91b71efc32f897134731bff102a8a4b90c1e1ad27d2c9f54a43,86a090f742d19271ee6de6174ef231ceb14ed06c243953152ffc6d7fdb046988,title_fallback,True
junyi,0360a3b6ab7f54f5722548d164109d9c63e4d1754f0a99daf4722b95c6e92d68,1fd2011333b499dd0416e3534fc6aa75024a5f78847e4eb97f599568e2ac8796,title_fallback|insufficient_stem_text|image_or_graphie_dependency|dynamic_var_template|insufficient_stem_text,True
junyi,aa134253187015017c2414bf26ac07b548fa9edf37800c60d32eb0b6e812ffb5,edf74d6609ddf37b14a212696f9e7cccdbf69b548d9581c1303da8a2b3119cc3,question_div,True
junyi,0392962d4fb8107db99dc692a61670defc22d0cc09f199ba0233dcfaeaf364c2,8bef28df1ab034d21b6cec2269e71143b40d94008a4f469c75ded144e263ff4e,question_div,True
junyi,8a3ad4d577f20d4fc34b1db0430d5c6bea800f3d18bdefec0ae132a74ea52676,db201c3556c1523b18eb61544159c26b5d1b579acc650fe22cb1e765cc771f9b,question_div|image_or_graphie_dependency,True
junyi,0a35643b59f1b538fa44712580ace1c5c9f93d49c373a8fa05d608cd496c6dc4,a9d6c21f361e7393bafdba8e80ea00a6abbccd4ff893c2bf687e2433185d1b5c,question_div|image_or_graphie_dependency,True
junyi,ec3d545f4628fee899ebcd63f20e6c5bf910ac7e6a3deadd3bdcefce8ba20b0f,1fedba6af63efb525d55c4815a75e39d4f593612f9073eb94c5eabfac26de79a,question_div,True
junyi,92581c4664fa718cda3b1a00a3180e562cd38a3d94a062690dd1a3e5f9a78215,84ec358beaa1d8748c43015745597f34d42dbfc4baf5fdec93e41757ea244967,question_div,True
junyi,9ae8b65db952cd44125e467f000351145859234f4c79abf69fa49aea2e597b04,95361be0a098ce79542c6ffab9926d84f8d37108dc0c368b3369ec91319e57f3,question_div|image_or_graphie_dependency,True
junyi,30eb4346d419558332af4cf66030a53922bc0abbdae85d887552445ef29fe316,520427cf94f60bc1a77efabbb758ddba36f20419c720d44c77bfaa4cdc3c3d01,question_div|image_or_graphie_dependency,True
junyi,928cb793e187168cd376eba5441ee3718c8bf85d3be1081c0000ecacb3be1396,10f80182cb5f025cca5a3af69d54bc58b20f9eaae150be4f3e890d693692bae9,question_div,True
junyi,4306d4e338551c0e38956c633ba317d4bf23fefe533c2311c81fe5aeb820c1a0,ce0cab306abacae7b1aab303843aa2786debde6a9b586b2d3dfe8ab71769433f,question_div,True
junyi,bcf1f3a7debfa0a0d5455daeea687a1204099a795beddb2168aad0f62120e546,876059dfd5055c82f60b4ced168db15b4951d63ac056cce4d1b077f532fa1f7e,question_div|image_or_graphie_dependency,True
junyi,b3b2ef6d75789fe303f6e4ce904559a9d9bf1f13ae7af71709cd00639a091cf4,801814db1c218222a54fdfb6f7c0db6a8c83626945cba134beb0e8c7e4e5beaf,question_div|image_or_graphie_dependency,True
junyi,5019290b64f64cb9fb8886bb7dfca61519c80bb4b7a89891239b739e2addd7c1,1a5302fa7698487977dd6ab946fddab4040b4b5991746893a4807773b4fc16df,question_div,True
junyi,fd3131318d8df1f977b07293d86253b2599eef625fa8018dacb325ce43b18773,401893759375ffc3f23a9e97d6c33095e4226e50863dc3cc6debb1eb600dc47f,question_div,True
junyi,35afc320b661a18fbbff1eab4e1cf1233d7f4c275367cd9e4995613f22baca8c,52c07ef8fdf50086ca4b9634f6f3be35d8676fe0bc1ec6f335dbd462dfb29fd5,question_div|image_or_graphie_dependency|dynamic_var_template,True
junyi,2f6c4c19f987a3cd0cfe932f5756e6ecb6e55ad1c52ce5f8bdd21aed1d91163c,886205f03c7e5bde3ada13e7551fee105c99432afe3f3194d4db7475dbdb73fd,question_div|image_or_graphie_dependency,True
junyi,c9d58f52d31668d8945013dfc15e7a43b2771a80518b40dd021ea247ba8bc589,ca9564f26c31f943f34934991f2f489b2b1f01a190d0070206289e819111c82f,title_fallback,True
junyi,8a4e86aeecc5781ad458ad767cb0c6958c6615211e6c8ddd4acf8c724071e6b3,f49dc8c2e8d65e547a874c9a44d6b3315e52095b40f1c1287719e7293e839807,title_fallback,True
junyi,caee16b17fda68de02ca25387843063dacd3ac23be510792e6c1c11ec904d1ff,93fdd93b5e30dc42a39c5da10fcc9c9e5f7346a7677914bd9732d8cef00eefb6,question_div,True
junyi,e00c6e04e8d80ba35fea32e49a1c45f69e6a4c0e795a60c57c812858354be8c7,0175fa7aa4d7c57035655454196fc10c9f36a10e9cf6ff8dd28a6e4d47c33e43,question_div,True
junyi,d652f7eda7b2f37b710261d6c2cf7e4c21e140bbf584df3488f1338b14478354,857210e46b8d8baba96dd5e275618b92a70d1a2ec08738851beb67b454b4d849,question_div|image_or_graphie_dependency,True
junyi,c0ba7feb2f79de32bbd46363e374a808657a0c8a3ada47607e50c8398ebb50cd,1bc1d3029c9d64e51c9a37d362f277102022fae4990cadd1ef39bc3036806a30,question_div|image_or_graphie_dependency,True
junyi,d1816f6c948ccb441f1bb0b7aed1526f8cd6e6ea50c903c2f66eb8eafd271c9b,b19ef2716b4fc160e8bd966baa16fda26ae01e02b738cf7e35e99224a1599447,question_div,True
junyi,a081c62e1b4564865884fffa06a076a86c284d0e877d72adeb6f841f2017e26e,7f6d1f46372d3231209a8f98bec1a401b5a7c70e0515a38eb49b209113805431,question_div,True
junyi,e14a19b0ba4ca8466ba39dc2f25335f723d7803a386562445a4b693d22173cea,52be780ab1868175096e07fb320938dce450a850cc62872247be10a5d2293e5d,question_div|image_or_graphie_dependency,True
junyi,761b100fc57ae79540f2157c66b25ae408aba9e0e911fa5088219acef0f9e76e,92380b63e0968034cd6901008db50c22efe30efe2e6b17ae1cf2d6ae2e313048,question_div|image_or_graphie_dependency,True
junyi,eefa90ddbe0d376dc26c8be68de68eb2022f2d31f572ca9c0f9534f7e28c09b9,e7ac116ec9d238ffda8958c226c59beab7fd6f0f7bd32eebec0fca837d2ccad4,question_div,True
junyi,53e7ee383e0678f3b6bf26341a4f3836082fbde00e8f9b46fbe6146856de1381,a2c50a3b528f80d3240c6c5771a566ef78ae2aec32a4b576bb562a5f7a723156,question_div,True
junyi,9c71f875b74f9a5f2b1c9d571fc8f5d823c3d32eeaa8da744741ffd51b1ff69d,5931f3e52449e3bdcb43482417fde584af4e32265c13d25c04a4c9cb0d94c310,question_div|image_or_graphie_dependency,True
junyi,baf1d33f56d8833dc05775b7edf2dd8d2c44562ff9859e5949f1cd8041f9d2f2,8da5c1faa804b31e9b5bdad38429d69abe82b93083b82a33d50c8ff55b641d02,question_div|image_or_graphie_dependency,True
junyi,70b84a21baf768d69d629dbaf61a2ebfbbb74db2a9384d22af25f86e27c9b71f,1ea16b1662e58f6dcac52b4cfc8eeda0111539cdceb85c0b31bff2ca2830db37,question_div,True
junyi,aea5222e6d94978a97382d3393a70ba7137ced23b4100f5a657ac3ddbfc00d19,ad03dba249666e69f64548eadb6f07a34aed350cfa44423002145e30ff79ffed,question_div,True
junyi,e2f8eb4332c396e2e7b49fbe292796979d61a8aa32007a387642396b4786e4d6,0e39c279110006bba9d0c7382b600b37733f2acd861772eefe5792fea0cefe5c,question_div|image_or_graphie_dependency|dynamic_var_template,True
junyi,9c59b979fce03f4ce1cb0eacd4b76dad2bda9b8f3933a65d69ab95ba7c0cebe7,6489edcd3153b9067aba12a579e04630ca0569ef3a4b68c0ee2fa8a6cbedee41,question_div|image_or_graphie_dependency,True
junyi,447b204411a32b5399da45b92cd12a8c236189cef144ddcbb5d580ea4838a340,a3bcf0a7895758bf81e02f5fbdca5f7844d22b5a5bdca802ea71797aed4a3016,title_fallback|insufficient_stem_text|image_or_graphie_dependency|dynamic_var_template,True
junyi,6ac1e24eb73946853d352ac0661105891ec4459f1c8324a9fcd7005ba68298eb,66909552edbb8417ce9083f2dbc447092fe61436889635173dd57dab5f27a0bf,title_fallback|insufficient_stem_text|image_or_graphie_dependency|dynamic_var_template,True
junyi,cd368384d6c17170258eb9113fb815dc61e89959e8285b964987fe08eed3c0e7,9bfe7bb7d42e7e63d78614fc5051ad50ac65ef1795470a27652ffc27b43ce918,question_div,True
junyi,51284fac75626d3ebcd0f9a38e2e9d1d134d9354b5dd11082ce5d3dc9385b868,3d1c876591fcd754823b1497d0585e61bef812c4dc662856e96e9b2973d9330a,question_div,True
junyi,883b512cc95ca7b083664a4c65113cdf643031f2486a60a2cff1323718adde2e,535ba6265854a3ac48d76824a9f087f9a2e40ab8443913cb98f6eccf7de7753f,question_div|image_or_graphie_dependency,True
junyi,80027534818c0c3698779afe72bd1512ff3de89f14c074965f44523f78b88d04,f352d3fead5c51c25e7b395fb8552d7d02e71844805a914ba87dd80e0d99f904,question_div|image_or_graphie_dependency,True
junyi,3c2f4be31f9c13cb696b1874ef0bbb0e9b8fb63fc0d2bef10dba53cb6530536d,1449195520eb28d27af991167576249655f99b2a863f9f06486b960b51ca410e,question_div,True
junyi,638e4970722e56d5d23088f350c7ba480126bf5e628b0afea69fa838cb5f934a,671ba4f7beeb029ff1d1f29e7ce0ea82ebebfcd7bf01a823a09c118e066a2d31,question_div,True
junyi,e4f2a9051b511b3f440d30861d724b510a2ee4a5d40b34f56da4510c168adfd4,1ff4598ec812f8bf2bcb79819b3a7903c5ac53f4c9e3dc97af7a7cc676395123,question_div|image_or_graphie_dependency,True
junyi,7621611e7d0ac03815d0c2ba01bcdd36fc7c4c49769b4cbb84e416462b246174,aff167583ff6c20b2892de9cb4ecf50460071cf6953f357a5eb16c7188bc1d9f,question_div|image_or_graphie_dependency,True
junyi,f25d011b09472a3da58a0cba451b8a4388ad2eb14e224d196e5c29fcc02b57dd,989795f1abc2a7f23e60bcdb205a230f2ae4d383f2dc17d179ec01bc77258639,question_div,True
junyi,656c8454a8839a0ba1afdc0df4e98f5227e049098e8304ad20b63ae533b03f38,a2429b77a542a22a8c5ac733316b10bba16cae834c8c6d3a37745a872e995fb2,question_div|image_or_graphie_dependency,True
junyi,2a7121cae9116bef81ec7da9a4dd389494adbb63c2c3c7f4fd2d25585cd81720,a553b629114b365118fa77a33ac7d21b3a6cb33a0f7180bb40fa9d061d1f287a,question_div|image_or_graphie_dependency,True
junyi,736ce679b9527b0d84e49ad79d9ce0e02d565c80679676a5c3d5760cc2f66b94,a69dad7a0a89505786ee7aa2f19b06ced3853e34448d2f2024b120b1ed5f14b5,question_div,True
junyi,7b6c0ef743fde6d84bcdb199949ec0b6556a4bc7c77078bc1dbfbcd67361ea91,306a1575c91caf2a50f8d9443856e88a53ced5119a3181453e1e0129cca15929,question_div|image_or_graphie_dependency,True
junyi,96c4af547c8a54098f84e7afb6e0c5366fecd75cf774a8d6d90a64e8119b9f7e,1caef37c5ecd81806a387218474ed054701395cd3e5d19216c062143d66129c5,question_div|image_or_graphie_dependency,True
junyi,90bc211693301a401ff0aef301fad156007a77567ff623ebf0e3c69f380b60fe,af3d8e91f183cda5fe6427ea7a538240ae45a2d24b1db625eb3f515c2f0f359c,question_div,True
junyi,6e04e4c13156e24094b595cd484a92d5d677fbed3e2cb4d0e7692f9de7027c70,688877ab12a2f8707c675ba4657eaa89a22eed8ab14528b50d096a0ea575fee2,question_div|image_or_graphie_dependency,True
junyi,e322daa1e78e6ccd1eab2a4603ac09462ab9edbf91f9882ea1fb87c6e0837863,adfee8fce1d71a2b7d9d78c65cca579da4cef526fbebfc365c8b068ff3511a91,question_div|image_or_graphie_dependency,True
junyi,6d2fb6327f389193911c26fd795f68eabecd23fcad2c1263b1378035bc814aa4,bd5e8e79673de6701055669d3ca06cf81f016aa92e9d4fafc9bf9c0753f22782,question_div|image_or_graphie_dependency|dynamic_var_template,True
junyi,fc483f0516c1b686c6b130d4417fdb04bcade65c88273ac7ccc55797c623eac5,f1b61086b2f6c43a136a92830d051311de8b0db519eece0dfd12a9b71ffde4c8,question_div|image_or_graphie_dependency,True
junyi,e72f8a4d8b60a7926270edf34c3a0cb8e6731bfd65c6d4b011f4fd3f31ec436b,f729befa359d9d5b0d9a4475966551678058af7870e3793350fbed576dba780f,question_div,True
junyi,a479254974bfdf28ed79f24ad65e918bd1331ac8a68d0ce8214e76ccf6fa1de2,bf6cf1b818d3b2ed4f42cb6e798a7373553a107c914c22b2707fc37a969e237f,question_div|image_or_graphie_dependency|dynamic_var_template,True
junyi,ea4374208c0f5248925e2c6e1d159fd80632ff240cc4e8af3ce98fea9b7e0a54,c9434684451a93e40107e527eeff277e486d241fcfe9adec6cef8400aa59ae9f,question_div|image_or_graphie_dependency,True
junyi,0cfe16e19fa4402c7011ff1d445afb76a947a02a19c642359699b1e19da08a6f,90fb81af4578934a509480de9707fa2e1347b43dcf9226774072aa993ac0dce2,question_div|image_or_graphie_dependency,True
junyi,a87b892a14cb1e1937eacbddc1ab395b11ba1448bd499b669bfee3b3e2b93436,889d58f110e71b8f8a55dca019f98584a195fd723a56f46696c37c60409d196d,question_div,True
junyi,c8f8e14375b33f07f792b32f358e30e73697db0ea89273c6e8b84be4520f1684,832f59f8c8756f3f14a1942bfeba782521655de20e94b53988eb56599b262b24,question_div|dynamic_var_template,True
junyi,3b32a8d8ea95999b8d1ab547ed0a5658603bfb56faa1130a8eefca9a4e98e84c,9d30bd6ff551639933853c233c2b830ed35f1f0fffdc50164e77444bf82d9396,question_div|image_or_graphie_dependency,True
junyi,123b503fa08d7462d6a95468ae998deca7f3a506d6f3e735122e7f280b0931e3,fa2886dc828051e4b2ef553615fc91528b7c611336a13a2f86df8fde3fad2904,question_div|image_or_graphie_dependency,True
junyi,3b1ea248b1b701d16f1413bb8eb3937ac8810a3e610461343f2583f2a47b08db,026a53d54efb0a9e646c9426271451ad55d7fc735ba423d6a7de7cbcfd0f82fd,question_div|image_or_graphie_dependency,True
junyi,26b5f2338b6a4bda34dcc3f342f3662a3aa212474530324616d5265fa9c23acd,dfd879ab04c3073fcbce1f1b51ec8358cfd714e70f5d09803e0b9340e46b591a,question_div,True
junyi,13f972a78df331a698bcddaee9ac37c47deb6206e9f449a914253e81c97279e1,551ec2a821fd1a9e0848b66435e0ffa7c42353be67bfba2fd116b23d94ff9a8f,question_div,True
junyi,14c91eb3a9495cff97a0d7fc046fac047beebae34c5f922bf116641a04f139c8,ae2c2c250ef0b6a2d5a275fead8f34cd0f2bb8be55ff09b1f19c1484d6727a75,question_div,True
junyi,3b383b46734dac6c2aaa371646dc309456bd715d0f576d4d876a384b68ea9766,bd5e8e79673de6701055669d3ca06cf81f016aa92e9d4fafc9bf9c0753f22782,question_div|image_or_graphie_dependency|dynamic_var_template,True
junyi,0898e10c243b37c5416a7113b5f3d472b9f6a2e00dfd02ed3f714ddb38700c82,41b7211462af306fad31e8caf761ea7b2729b4f4e1f81fe57c1efea4413e8a1a,question_div|image_or_graphie_dependency,True
junyi,195ff6b9f1ec7d0b7eacc3a3e50a0701c380208031fb818b1316a868f0e18de5,c98e3dc32f7c344bb30fe8a3d20428964f810a474e3c0d37f5cc61cec6c83353,question_div,True
junyi,9edde63f6c85929f017a6471bd153304dcc4257cb5046b389f2a7fa90c5251f3,e51b0f289634bdee6ed173ffa4376dde248a35c6d68fbdd8657789df7b9ede96,question_div,True
junyi,6987be06b5f4f2fc83b83920cb795557063074ee0921d3911221900ac3dcb551,d06df6ecbf106a5aa07d6cbcfa5e70c295f12dd4d6fd1ef4232f37d6c9656ca8,question_div,True
junyi,4773bb8da0684fbf3271fec4efb6b2e311f623f50480c8d524d5522d41b88ba0,7a0d6b6cec34d2df537088e88c4d03fe12216f573ee0a1af8fb684c369a867e3,question_div|image_or_graphie_dependency,True
junyi,1f015d5407d67da2d0e5ecd3c4e7ef6c880a31871a01b5c1543a27f98fc28563,5ca7f60b019b061acb19b59bd3242e4bb72346cf1442a070f2a5aaa309d02da8,question_div|image_or_graphie_dependency,True
